,POS,ID,REF,ALT,START,STOP,ALLELES,QUAL,FILTER
0,42,,TCC,"CCC,T",41,44,"('TCC', 'CCC', 'T')",100.0,fa
1,55,,TATTTT,"T,CATTTT,AATTTT,TTT,TTTTT",54,60,"('TATTTT', 'T', 'CATTTT', 'AATTTT', 'TTT', 'TTTTT')",100.0,fa
2,61,,CG,"TA,AA",60,62,"('CG', 'TA', 'AA')",100.0,fa
3,63,,TC,"CT,AT",62,64,"('TC', 'CT', 'AT')",100.0,fa
4,64,,CT,"TT,AT,TC",63,65,"('CT', 'TT', 'AT', 'TC')",100.0,fa
5,66,,G,"T,A",65,66,"('G', 'T', 'A')",100.0,fa
6,72,,T,"C,G",71,72,"('T', 'C', 'G')",100.0,fa
7,73,,A,"G,C",72,73,"('A', 'G', 'C')",100.0,fa
8,103,,G,"A,T",102,103,"('G', 'A', 'T')",100.0,fa
9,111,,A,"C,G",110,111,"('A', 'C', 'G')",100.0,fa
10,114,,C,"T,G",113,114,"('C', 'T', 'G')",100.0,fa
11,127,,TC,"CT,CC",126,128,"('TC', 'CT', 'CC')",100.0,fa
12,146,,T,"C,A",145,146,"('T', 'C', 'A')",100.0,fa
13,150,,CCT,"TCT,TCC,TTC,TTT",149,152,"('CCT', 'TCT', 'TCC', 'TTC', 'TTT')",100.0,fa
14,151,,CTA,"TCA,TTA,TTG",150,153,"('CTA', 'TCA', 'TTA', 'TTG')",100.0,fa
15,152,,TA,"CA,CG",151,153,"('TA', 'CA', 'CG')",100.0,fa
16,182,,CA,"TA,TG",181,183,"('CA', 'TA', 'TG')",100.0,fa
17,185,,G,"A,T,C",184,185,"('G', 'A', 'T', 'C')",100.0,fa
18,186,,C,"A,T",185,186,"('C', 'A', 'T')",100.0,fa
19,189,,A,"G,C,T",188,189,"('A', 'G', 'C', 'T')",100.0,fa
20,194,,CTTACT,"TTTACT,TCTACT,TTTACC,TCTACC,TCCACT",193,199,"('CTTACT', 'TTTACT', 'TCTACT', 'TTTACC', 'TCTACC', 'TCCACT')",100.0,fa
21,195,,TTACTAAAGT,"CTACTAAAGT,CTATTAAAGT,ATACTAAAGT,CTACCAAAGT,CTACTAAAAC,CTACTAAACT,CCACTAAAGT,CTATCAAAGT",194,204,"('TTACTAAAGT', 'CTACTAAAGT', 'CTATTAAAGT', 'ATACTAAAGT', 'CTACCAAAGT', 'CTACTAAAAC', 'CTACTAAACT', 'CCACTAAAGT', 'CTATCAAAGT')",100.0,fa
22,196,,TACTAAAGT,"CACTAAAGT,CACTAAAGC",195,204,"('TACTAAAGT', 'CACTAAAGT', 'CACTAAAGC')",100.0,fa
23,199,,TAAAGT,"CAAAGT,CAAAGC,CAAAAC",198,204,"('TAAAGT', 'CAAAGT', 'CAAAGC', 'CAAAAC')",100.0,fa
24,225,,GT,"AC,AT,TT",224,226,"('GT', 'AC', 'AT', 'TT')",100.0,fa
25,228,,G,"A,T",227,228,"('G', 'A', 'T')",100.0,fa
26,234,,AA,"GA,GG",233,235,"('AA', 'GA', 'GG')",100.0,fa
27,246,,TG,"CG,T",245,247,"('TG', 'CG', 'T')",100.0,fa
28,247,,GAA,"AAA,G",246,249,"('GAA', 'AAA', 'G')",100.0,fa
29,263,,AC,"GC,GT",262,264,"('AC', 'GC', 'GT')",100.0,fa
30,292,,T,"C,A",291,292,"('T', 'C', 'A')",100.0,fa
31,298,,CC,"TC,C",297,299,"('CC', 'TC', 'C')",100.0,fa
32,308,,CCTCCCC,"CTCCCC,C",307,314,"('CCTCCCC', 'CTCCCC', 'C')",100.0,fa
33,309,,CT,"TC,TT",308,310,"('CT', 'TC', 'TT')",100.0,fa
34,313,,CCC,"C,CC",312,315,"('CCC', 'C', 'CC')",100.0,fa
35,316,,G,"A,C",315,316,"('G', 'A', 'C')",100.0,fa
36,318,,TT,"CT,T",317,319,"('TT', 'CT', 'T')",100.0,fa
37,375,,C,"A,T",374,375,"('C', 'A', 'T')",100.0,fa
38,390,,A,"T,G",389,390,"('A', 'T', 'G')",100.0,fa
39,453,,TTT,"ATT,T,CTT",452,455,"('TTT', 'ATT', 'T', 'CTT')",100.0,fa
40,460,,T,"C,A",459,460,"('T', 'C', 'A')",100.0,fa
41,494,,C,"T,G",493,494,"('C', 'T', 'G')",100.0,fa
42,497,,CC,"C,TC",496,498,"('CC', 'C', 'TC')",100.0,fa
43,503,,A,"G,C",502,503,"('A', 'G', 'C')",100.0,fa
44,513,,G,"A,T",512,513,"('G', 'A', 'T')",100.0,fa
45,517,,A,"T,G",516,517,"('A', 'T', 'G')",100.0,fa
46,593,,T,"C,A",592,593,"('T', 'C', 'A')",100.0,fa
47,709,,GT,"AT,AC",708,710,"('GT', 'AT', 'AC')",100.0,fa
48,721,,T,"C,A",720,721,"('T', 'C', 'A')",100.0,fa
49,723,,A,"G,C",722,723,"('A', 'G', 'C')",100.0,fa
50,750,,AA,"GA,GG",749,751,"('AA', 'GA', 'GG')",100.0,fa
51,752,,C,"T,A",751,752,"('C', 'T', 'A')",100.0,fa
52,789,,T,"C,A",788,789,"('T', 'C', 'A')",100.0,fa
53,961,,T,"C,G",960,961,"('T', 'C', 'G')",100.0,fa
54,1053,,A,"G,T",1052,1053,"('A', 'G', 'T')",100.0,fa
55,1118,,A,"G,T",1117,1118,"('A', 'G', 'T')",100.0,fa
56,1462,,G,"T,A",1461,1462,"('G', 'T', 'A')",100.0,fa
57,1821,,AT,"GT,GC",1820,1822,"('AT', 'GT', 'GC')",100.0,fa
58,1978,,A,"G,C",1977,1978,"('A', 'G', 'C')",100.0,fa
59,2245,,A,"G,C",2244,2245,"('A', 'G', 'C')",100.0,fa
60,2281,,A,"G,C",2280,2281,"('A', 'G', 'C')",100.0,fa
61,2442,,T,"C,A",2441,2442,"('T', 'C', 'A')",100.0,fa
62,2706,,AA,"GA,GG,GC",2705,2707,"('AA', 'GA', 'GG', 'GC')",100.0,fa
63,2831,,G,"A,T",2830,2831,"('G', 'A', 'T')",100.0,fa
64,2884,,CT,"TT,TC",2883,2885,"('CT', 'TT', 'TC')",100.0,fa
65,3197,,TA,"CA,CG",3196,3198,"('TA', 'CA', 'CG')",100.0,fa
66,3200,,T,"A,C",3199,3200,"('T', 'A', 'C')",100.0,fa
67,3397,,AT,"GT,GC",3396,3398,"('AT', 'GT', 'GC')",100.0,fa
68,3423,,T,"C,A",3422,3423,"('T', 'C', 'A')",100.0,fa
69,3450,,C,"T,A",3449,3450,"('C', 'T', 'A')",100.0,fa
70,3498,,C,"G,T",3497,3498,"('C', 'G', 'T')",100.0,fa
71,3507,,C,"A,T",3506,3507,"('C', 'A', 'T')",100.0,fa
72,3511,,A,"G,T",3510,3511,"('A', 'G', 'T')",100.0,fa
73,3516,,C,"A,T",3515,3516,"('C', 'A', 'T')",100.0,fa
74,3729,,A,"C,G",3728,3729,"('A', 'C', 'G')",100.0,fa
75,3796,,A,"T,G",3795,3796,"('A', 'T', 'G')",100.0,fa
76,3798,,C,"T,A",3797,3798,"('C', 'T', 'A')",100.0,fa
77,3921,,C,"T,A",3920,3921,"('C', 'T', 'A')",100.0,fa
78,4021,,A,"T,G",4020,4021,"('A', 'T', 'G')",100.0,fa
79,4048,,G,"A,C",4047,4048,"('G', 'A', 'C')",100.0,fa
80,4059,,C,"T,A",4058,4059,"('C', 'T', 'A')",100.0,fa
81,4343,,A,"G,C",4342,4343,"('A', 'G', 'C')",100.0,fa
82,4454,,T,"C,A",4453,4454,"('T', 'C', 'A')",100.0,fa
83,4529,,A,"T,G",4528,4529,"('A', 'T', 'G')",100.0,fa
84,4598,,T,"A,C",4597,4598,"('T', 'A', 'C')",100.0,fa
85,4688,,T,"C,A",4687,4688,"('T', 'C', 'A')",100.0,fa
86,4745,,A,"G,T",4744,4745,"('A', 'G', 'T')",100.0,fa
87,4973,,T,"C,G",4972,4973,"('T', 'C', 'G')",100.0,fa
88,5094,,A,"G,C",5093,5094,"('A', 'G', 'C')",100.0,fa
89,5186,,A,"T,G",5185,5186,"('A', 'T', 'G')",100.0,fa
90,5231,,G,"A,C",5230,5231,"('G', 'A', 'C')",100.0,fa
91,5237,,G,"A,C",5236,5237,"('G', 'A', 'C')",100.0,fa
92,5319,,A,"G,T",5318,5319,"('A', 'G', 'T')",100.0,fa
93,5378,,A,"G,T",5377,5378,"('A', 'G', 'T')",100.0,fa
94,5553,,T,"G,C",5552,5553,"('T', 'G', 'C')",100.0,fa
95,5774,,T,"C,G",5773,5774,"('T', 'C', 'G')",100.0,fa
96,5951,,A,"G,T",5950,5951,"('A', 'G', 'T')",100.0,fa
97,6040,,A,"G,C",6039,6040,"('A', 'G', 'C')",100.0,fa
98,6167,,T,"C,G",6166,6167,"('T', 'C', 'G')",100.0,fa
99,6221,,T,"C,A",6220,6221,"('T', 'C', 'A')",100.0,fa
100,6320,,T,"C,A",6319,6320,"('T', 'C', 'A')",100.0,fa
101,6491,,C,"T,A",6490,6491,"('C', 'T', 'A')",100.0,fa
102,6620,,T,"C,G",6619,6620,"('T', 'C', 'G')",100.0,fa
103,6653,,C,"A,T",6652,6653,"('C', 'A', 'T')",100.0,fa
104,6851,,C,"A,T",6850,6851,"('C', 'A', 'T')",100.0,fa
105,6914,,A,"G,T",6913,6914,"('A', 'G', 'T')",100.0,fa
106,7022,,T,"C,A",7021,7022,"('T', 'C', 'A')",100.0,fa
107,7055,,A,"G,T",7054,7055,"('A', 'G', 'T')",100.0,fa
108,7146,,AC,"GC,GT",7145,7147,"('AC', 'GC', 'GT')",100.0,fa
109,7196,,C,"A,T",7195,7196,"('C', 'A', 'T')",100.0,fa
110,7256,,CA,"TA,TG",7255,7257,"('CA', 'TA', 'TG')",100.0,fa
111,7364,,A,"G,C",7363,7364,"('A', 'G', 'C')",100.0,fa
112,7388,,AT,"GT,TC",7387,7389,"('AT', 'GT', 'TC')",100.0,fa
113,7624,,T,"A,C",7623,7624,"('T', 'A', 'C')",100.0,fa
114,7819,,C,"A,T",7818,7819,"('C', 'A', 'T')",100.0,fa
115,7828,,A,"G,T",7827,7828,"('A', 'G', 'T')",100.0,fa
116,7930,,A,"T,G",7929,7930,"('A', 'T', 'G')",100.0,fa
117,7954,,T,"G,C",7953,7954,"('T', 'G', 'C')",100.0,fa
118,7960,,A,"G,C",7959,7960,"('A', 'G', 'C')",100.0,fa
119,7978,,C,"T,A",7977,7978,"('C', 'T', 'A')",100.0,fa
120,8014,,A,"G,T",8013,8014,"('A', 'G', 'T')",100.0,fa
121,8276,,CT,"C,TT",8275,8277,"('CT', 'C', 'TT')",100.0,fa
122,8286,,TCTA,"CCCC,CCTA",8285,8289,"('TCTA', 'CCCC', 'CCTA')",100.0,fa
123,8290,,G,"A,T",8289,8290,"('G', 'A', 'T')",100.0,fa
124,8347,,A,"G,T",8346,8347,"('A', 'G', 'T')",100.0,fa
125,8428,,C,"T,A",8427,8428,"('C', 'T', 'A')",100.0,fa
126,8472,,C,"T,A",8471,8472,"('C', 'T', 'A')",100.0,fa
127,8650,,C,"T,G",8649,8650,"('C', 'T', 'G')",100.0,fa
128,8701,,AC,"GC,GT,CC",8700,8702,"('AC', 'GC', 'GT', 'CC')",100.0,fa
129,8784,,A,"G,T",8783,8784,"('A', 'G', 'T')",100.0,fa
130,8790,,G,"A,C",8789,8790,"('G', 'A', 'C')",100.0,fa
131,8860,,A,"G,C",8859,8860,"('A', 'G', 'C')",100.0,fa
132,9007,,A,"G,T",9006,9007,"('A', 'G', 'T')",100.0,fa
133,9101,,T,"G,C",9100,9101,"('T', 'G', 'C')",100.0,fa
134,9178,,G,"C,A",9177,9178,"('G', 'C', 'A')",100.0,fa
135,9221,,A,"G,T",9220,9221,"('A', 'G', 'T')",100.0,fa
136,9620,,C,"T,A",9619,9620,"('C', 'T', 'A')",100.0,fa
137,9752,,C,"A,T",9751,9752,"('C', 'A', 'T')",100.0,fa
138,9758,,T,"C,A",9757,9758,"('T', 'C', 'A')",100.0,fa
139,9824,,T,"C,A",9823,9824,"('T', 'C', 'A')",100.0,fa
140,9852,,A,"G,T",9851,9852,"('A', 'G', 'T')",100.0,fa
141,10098,,G,"T,A",10097,10098,"('G', 'T', 'A')",100.0,fa
142,10103,,A,"G,T",10102,10103,"('A', 'G', 'T')",100.0,fa
143,10142,,CG,"TG,TA",10141,10143,"('CG', 'TG', 'TA')",100.0,fa
144,10310,,G,"A,C",10309,10310,"('G', 'A', 'C')",100.0,fa
145,10397,,AA,"GG,GA",10396,10398,"('AA', 'GG', 'GA')",100.0,fa
146,10410,,T,"C,A",10409,10410,"('T', 'C', 'A')",100.0,fa
147,10631,,C,"T,A",10630,10631,"('C', 'T', 'A')",100.0,fa
148,10694,,A,"T,G",10693,10694,"('A', 'T', 'G')",100.0,fa
149,10754,,A,"G,C",10753,10754,"('A', 'G', 'C')",100.0,fa
150,10792,,AC,"GT,GC",10791,10793,"('AC', 'GT', 'GC')",100.0,fa
151,10810,,T,"C,A",10809,10810,"('T', 'C', 'A')",100.0,fa
152,10822,,C,"T,G",10821,10822,"('C', 'T', 'G')",100.0,fa
153,10873,,TC,"CC,CT",10872,10874,"('TC', 'CC', 'CT')",100.0,fa
154,10908,,T,"C,A",10907,10908,"('T', 'C', 'A')",100.0,fa
155,11428,,C,"T,A",11427,11428,"('C', 'T', 'A')",100.0,fa
156,11440,,G,"A,C",11439,11440,"('G', 'A', 'C')",100.0,fa
157,11840,,CT,"TT,TC",11839,11841,"('CT', 'TT', 'TC')",100.0,fa
158,11935,,T,"C,A",11934,11935,"('T', 'C', 'A')",100.0,fa
159,12103,,C,"A,T",12102,12103,"('C', 'A', 'T')",100.0,fa
160,12135,,C,"A,T",12134,12135,"('C', 'A', 'T')",100.0,fa
161,12188,,T,"C,A",12187,12188,"('T', 'C', 'A')",100.0,fa
162,12235,,TG,"CG,CA",12234,12236,"('TG', 'CG', 'CA')",100.0,fa
163,12372,,GA,"AA,AG",12371,12373,"('GA', 'AA', 'AG')",100.0,fa
164,12633,,C,"A,T",12632,12633,"('C', 'A', 'T')",100.0,fa
165,12651,,G,"A,C",12650,12651,"('G', 'A', 'C')",100.0,fa
166,12906,,C,"T,A",12905,12906,"('C', 'T', 'A')",100.0,fa
167,12950,,A,"G,C",12949,12950,"('A', 'G', 'C')",100.0,fa
168,12975,,A,"G,T",12974,12975,"('A', 'G', 'T')",100.0,fa
169,13020,,T,"C,A",13019,13020,"('T', 'C', 'A')",100.0,fa
170,13098,,A,"G,T",13097,13098,"('A', 'G', 'T')",100.0,fa
171,13104,,AA,"GA,GG",13103,13105,"('AA', 'GA', 'GG')",100.0,fa
172,13215,,T,"C,A",13214,13215,"('T', 'C', 'A')",100.0,fa
173,13542,,A,"G,C",13541,13542,"('A', 'G', 'C')",100.0,fa
174,13650,,CA,"TA,GA,TG",13649,13651,"('CA', 'TA', 'GA', 'TG')",100.0,fa
175,13768,,T,"C,A",13767,13768,"('T', 'C', 'A')",100.0,fa
176,13879,,T,"C,G,A",13878,13879,"('T', 'C', 'G', 'A')",100.0,fa
177,13886,,T,"C,A",13885,13886,"('T', 'C', 'A')",100.0,fa
178,13914,,C,"A,T",13913,13914,"('C', 'A', 'T')",100.0,fa
179,13928,,G,"C,A",13927,13928,"('G', 'C', 'A')",100.0,fa
180,13934,,CA,"TA,TG",13933,13935,"('CA', 'TA', 'TG')",100.0,fa
181,13965,,TA,"CA,CG",13964,13966,"('TA', 'CA', 'CG')",100.0,fa
182,13980,,G,"A,C",13979,13980,"('G', 'A', 'C')",100.0,fa
183,14118,,A,"C,G",14117,14118,"('A', 'C', 'G')",100.0,fa
184,14142,,C,"A,T",14141,14142,"('C', 'A', 'T')",100.0,fa
185,14470,,T,"C,A",14469,14470,"('T', 'C', 'A')",100.0,fa
186,14560,,G,"A,C",14559,14560,"('G', 'A', 'C')",100.0,fa
187,14566,,A,"G,C",14565,14566,"('A', 'G', 'C')",100.0,fa
188,14587,,A,"G,C",14586,14587,"('A', 'G', 'C')",100.0,fa
189,14623,,C,"T,A",14622,14623,"('C', 'T', 'A')",100.0,fa
190,14745,,C,"A,T",14744,14745,"('C', 'A', 'T')",100.0,fa
191,14750,,A,"T,G",14749,14750,"('A', 'T', 'G')",100.0,fa
192,14766,,CT,"TT,TC",14765,14767,"('CT', 'TT', 'TC')",100.0,fa
193,14914,,A,"T,G",14913,14914,"('A', 'T', 'G')",100.0,fa
194,14953,,C,"G,T",14952,14953,"('C', 'G', 'T')",100.0,fa
195,15103,,C,"T,G",15102,15103,"('C', 'T', 'G')",100.0,fa
196,15235,,AA,"GA,GG",15234,15236,"('AA', 'GA', 'GG')",100.0,fa
197,15412,,T,"G,C",15411,15412,"('T', 'G', 'C')",100.0,fa
198,15487,,A,"T,G",15486,15487,"('A', 'T', 'G')",100.0,fa
199,15622,,T,"C,G",15621,15622,"('T', 'C', 'G')",100.0,fa
200,15777,,G,"C,A",15776,15777,"('G', 'C', 'A')",100.0,fa
201,15850,,TA,"CG,CA",15849,15851,"('TA', 'CG', 'CA')",100.0,fa
202,15877,,C,"T,A",15876,15877,"('C', 'T', 'A')",100.0,fa
203,15883,,GG,"AG,AC",15882,15884,"('GG', 'AG', 'AC')",100.0,fa
204,15884,,G,"A,C",15883,15884,"('G', 'A', 'C')",100.0,fa
205,15928,,G,"A,T",15927,15928,"('G', 'A', 'T')",100.0,fa
206,15930,,G,"A,T",15929,15930,"('G', 'A', 'T')",100.0,fa
207,15938,,CC,"TC,TT",15937,15939,"('CC', 'TC', 'TT')",100.0,fa
208,15954,,A,"C,G",15953,15954,"('A', 'C', 'G')",100.0,fa
209,16000,,G,"A,T",15999,16000,"('G', 'A', 'T')",100.0,fa
210,16092,,T,"C,A",16091,16092,"('T', 'C', 'A')",100.0,fa
211,16093,,T,"C,G",16092,16093,"('T', 'C', 'G')",100.0,fa
212,16097,,TA,"CA,CG",16096,16098,"('TA', 'CA', 'CG')",100.0,fa
213,16111,,C,"T,A",16110,16111,"('C', 'T', 'A')",100.0,fa
214,16114,,C,"A,G,T",16113,16114,"('C', 'A', 'G', 'T')",100.0,fa
215,16129,,G,"A,C",16128,16129,"('G', 'A', 'C')",100.0,fa
216,16145,,GA,"AA,AG",16144,16146,"('GA', 'AA', 'AG')",100.0,fa
217,16164,,A,"G,T",16163,16164,"('A', 'G', 'T')",100.0,fa
218,16166,,A,"G,C",16165,16166,"('A', 'G', 'C')",100.0,fa
219,16169,,CAATC,"TAATC,TAACC,TAATT,TGATC",16168,16173,"('CAATC', 'TAATC', 'TAACC', 'TAATT', 'TGATC')",100.0,fa
220,16172,,TC,"CC,CT",16171,16173,"('TC', 'CC', 'CT')",100.0,fa
221,16176,,C,"T,G",16175,16176,"('C', 'T', 'G')",100.0,fa
222,16179,,C,"T,A",16178,16179,"('C', 'T', 'A')",100.0,fa
223,16182,,AACCCCCT,"CCCCCCCC,GACCCCCT",16181,16189,"('AACCCCCT', 'CCCCCCCC', 'GACCCCCT')",100.0,fa
224,16183,,ACCCCCT,"CCCCCCC,GCCCCCT,GCCCCCC,CCCCACT,ACCCCT",16182,16189,"('ACCCCCT', 'CCCCCCC', 'GCCCCCT', 'GCCCCCC', 'CCCCACT', 'ACCCCT')",100.0,fa
225,16187,,CCT,"TCC,TGC,TCT",16186,16189,"('CCT', 'TCC', 'TGC', 'TCT')",100.0,fa
226,16188,,CT,"TT,GC,GT,TC,AT",16187,16189,"('CT', 'TT', 'GC', 'GT', 'TC', 'AT')",100.0,fa
227,16192,,CC,"TC,C",16191,16193,"('CC', 'TC', 'C')",100.0,fa
228,16212,,AG,"GG,GA",16211,16213,"('AG', 'GG', 'GA')",100.0,fa
229,16213,,GCAAT,"ACAAT,ACAAC",16212,16217,"('GCAAT', 'ACAAT', 'ACAAC')",100.0,fa
230,16215,,A,"G,T",16214,16215,"('A', 'G', 'T')",100.0,fa
231,16217,,TCAACCCT,"CCAACCCT,CCAACCTT,CTAACCCT,CCAACCCC",16216,16224,"('TCAACCCT', 'CCAACCCT', 'CCAACCTT', 'CTAACCCT', 'CCAACCCC')",100.0,fa
232,16218,,CAACCC,"TAACCT,TAACCC",16217,16223,"('CAACCC', 'TAACCT', 'TAACCC')",100.0,fa
233,16220,,A,"G,C",16219,16220,"('A', 'G', 'C')",100.0,fa
234,16222,,CC,"TC,TT,AT",16221,16223,"('CC', 'TC', 'TT', 'AT')",100.0,fa
235,16223,,CT,"TT,TC",16222,16224,"('CT', 'TT', 'TC')",100.0,fa
236,16234,,CA,"TA,TG",16233,16235,"('CA', 'TA', 'TG')",100.0,fa
237,16239,,C,"T,G",16238,16239,"('C', 'T', 'G')",100.0,fa
238,16240,,A,"G,C",16239,16240,"('A', 'G', 'C')",100.0,fa
239,16241,,A,"G,T",16240,16241,"('A', 'G', 'T')",100.0,fa
240,16243,,TG,"CG,CA",16242,16244,"('TG', 'CG', 'CA')",100.0,fa
241,16256,,C,"T,A,G",16255,16256,"('C', 'T', 'A', 'G')",100.0,fa
242,16257,,C,"A,T",16256,16257,"('C', 'A', 'T')",100.0,fa
243,16258,,A,"C,G,T",16257,16258,"('A', 'C', 'G', 'T')",100.0,fa
244,16259,,C,"T,A",16258,16259,"('C', 'T', 'A')",100.0,fa
245,16260,,CCCTCA,"TCCTCA,TTCTCA,TCCTCC,TCCTCT",16259,16265,"('CCCTCA', 'TCCTCA', 'TTCTCA', 'TCCTCC', 'TCCTCT')",100.0,fa
246,16264,,CACCCAC,"TACCCAT,TACCCAC,TCCCCAC",16263,16270,"('CACCCAC', 'TACCCAT', 'TACCCAC', 'TCCCCAC')",100.0,fa
247,16265,,ACCCAC,"CCCCAC,TCCCAC,GCCCAC,GCCCAT",16264,16270,"('ACCCAC', 'CCCCAC', 'TCCCAC', 'GCCCAC', 'GCCCAT')",100.0,fa
248,16266,,C,"T,A,G",16265,16266,"('C', 'T', 'A', 'G')",100.0,fa
249,16270,,CT,"TT,TC,GT",16269,16271,"('CT', 'TT', 'TC', 'GT')",100.0,fa
250,16286,,C,"T,G,A",16285,16286,"('C', 'T', 'G', 'A')",100.0,fa
251,16287,,C,"T,A",16286,16287,"('C', 'T', 'A')",100.0,fa
252,16290,,CCCACCCTT,"TCCACCCTT,TCCATCCTT,TCTACCCTT,TCCTCCCTT,TTCACCCTT,TCCGCCCTT,GCCATCCTT,TCCACCCCT,TCCACCCTC",16289,16298,"('CCCACCCTT', 'TCCACCCTT', 'TCCATCCTT', 'TCTACCCTT', 'TCCTCCCTT', 'TTCACCCTT', 'TCCGCCCTT', 'GCCATCCTT', 'TCCACCCCT', 'TCCACCCTC')",100.0,fa
253,16291,,CCACCCTTA,"TCACCCTTA,TCACCCTCA,TCACCCCTA,TTACCCTTA,TCACCCTTG,TCATCCTTA",16290,16299,"('CCACCCTTA', 'TCACCCTTA', 'TCACCCTCA', 'TCACCCCTA', 'TTACCCTTA', 'TCACCCTTG', 'TCATCCTTA')",100.0,fa
254,16292,,CAC,"TAC,TAT,TGC",16291,16294,"('CAC', 'TAC', 'TAT', 'TGC')",100.0,fa
255,16293,,AC,"GC,GT,TC,CC",16292,16294,"('AC', 'GC', 'GT', 'TC', 'CC')",100.0,fa
256,16294,,CCCTT,"TCCTT,TCTTT,TCCTC,TCTCT,GCCTT",16293,16298,"('CCCTT', 'TCCTT', 'TCTTT', 'TCCTC', 'TCTCT', 'GCCTT')",100.0,fa
257,16295,,C,"T,G",16294,16295,"('C', 'T', 'G')",100.0,fa
258,16297,,TT,"CT,CC",16296,16298,"('TT', 'CT', 'CC')",100.0,fa
259,16298,,TA,"CA,CG",16297,16299,"('TA', 'CA', 'CG')",100.0,fa
260,16301,,C,"T,A",16300,16301,"('C', 'T', 'A')",100.0,fa
261,16303,,G,"A,T",16302,16303,"('G', 'A', 'T')",100.0,fa
262,16304,,TACATAGT,"CACATAGT,CACATAGC,CGCATAGC,GACATAGT",16303,16311,"('TACATAGT', 'CACATAGT', 'CACATAGC', 'CGCATAGC', 'GACATAGT')",100.0,fa
263,16311,,TACATAAAG,"CACATAAAG,CACATAAAA,CACATAAGG,CACATAATG,CGCATAAAG",16310,16319,"('TACATAAAG', 'CACATAAAG', 'CACATAAAA', 'CACATAAGG', 'CACATAATG', 'CGCATAAAG')",100.0,fa
264,16318,,AGC,"TGC,GGC,CGC,GGT,TAC,GAC",16317,16320,"('AGC', 'TGC', 'GGC', 'CGC', 'GGT', 'TAC', 'GAC')",100.0,fa
265,16319,,GC,"AC,AT",16318,16320,"('GC', 'AC', 'AT')",100.0,fa
266,16324,,TT,"CT,T",16323,16325,"('TT', 'CT', 'T')",100.0,fa
267,16327,,C,"T,A",16326,16327,"('C', 'T', 'A')",100.0,fa
268,16352,,TCCC,"CCCC,CTCC,CTCT",16351,16355,"('TCCC', 'CCCC', 'CTCC', 'CTCT')",100.0,fa
269,16354,,C,"T,A",16353,16354,"('C', 'T', 'A')",100.0,fa
270,16355,,CT,"TT,TC",16354,16356,"('CT', 'TT', 'TC')",100.0,fa
271,16390,,G,"A,T",16389,16390,"('G', 'A', 'T')",100.0,fa
272,16399,,AC,"GC,GT",16398,16400,"('AC', 'GC', 'GT')",100.0,fa
273,16519,,T,"C,A",16518,16519,"('T', 'C', 'A')",100.0,fa
274,16524,,A,"G,C",16523,16524,"('A', 'G', 'C')",100.0,fa
